-- phpMyAdmin SQL Dump
-- version 4.8.5
-- https://www.phpmyadmin.net/
--
-- Host: 127.0.0.1:3306
-- Generation Time: Jul 31, 2019 at 11:41 AM
-- Server version: 5.7.26
-- PHP Version: 7.2.18

SET SQL_MODE = "NO_AUTO_VALUE_ON_ZERO";
SET AUTOCOMMIT = 0;
START TRANSACTION;
SET time_zone = "+00:00";


/*!40101 SET @OLD_CHARACTER_SET_CLIENT=@@CHARACTER_SET_CLIENT */;
/*!40101 SET @OLD_CHARACTER_SET_RESULTS=@@CHARACTER_SET_RESULTS */;
/*!40101 SET @OLD_COLLATION_CONNECTION=@@COLLATION_CONNECTION */;
/*!40101 SET NAMES utf8mb4 */;

--
-- Database: `userdashboard`
--

-- --------------------------------------------------------

--
-- Table structure for table `attempt`
--

DROP TABLE IF EXISTS `attempt`;
CREATE TABLE IF NOT EXISTS `attempt` (
  `att_id` int(255) NOT NULL AUTO_INCREMENT,
  `final_score` varchar(255) DEFAULT NULL,
  `att_number` int(10) NOT NULL,
  `test_id` int(255) DEFAULT NULL,
  `user_id` int(255) DEFAULT NULL,
  `att_date` varchar(30) NOT NULL,
  PRIMARY KEY (`att_id`),
  KEY `test_id` (`test_id`),
  KEY `email_FK` (`user_id`)
) ENGINE=InnoDB AUTO_INCREMENT=261 DEFAULT CHARSET=latin1;

--
-- Dumping data for table `attempt`
--

INSERT INTO `attempt` (`att_id`, `final_score`, `att_number`, `test_id`, `user_id`, `att_date`) VALUES
(251, '50', 1, 2, 1, '2019-06-19 02:00:10am'),
(252, '50', 2, 2, 1, '2019-06-19 02:00:56am'),
(254, '0', 1, 1, 1, '2019-06-29 12:29:54am'),
(255, '0', 1, 3, 1, '2019-07-18 09:05:35pm'),
(256, '0', 2, 1, 1, '2019-07-18 09:05:50pm'),
(257, '0', 3, 1, 1, '2019-07-26 02:41:42pm'),
(258, '0', 2, 3, 1, '2019-07-26 02:42:53pm'),
(259, '0', 3, 2, 1, '2019-07-26 02:44:26pm'),
(260, '0', 3, 3, 1, '2019-07-28 03:33:30pm');

-- --------------------------------------------------------

--
-- Table structure for table `courses`
--

DROP TABLE IF EXISTS `courses`;
CREATE TABLE IF NOT EXISTS `courses` (
  `course_id` int(255) NOT NULL,
  `course_name` text NOT NULL,
  `course_desc` text NOT NULL,
  PRIMARY KEY (`course_id`)
) ENGINE=InnoDB DEFAULT CHARSET=latin1;

--
-- Dumping data for table `courses`
--

INSERT INTO `courses` (`course_id`, `course_name`, `course_desc`) VALUES
(1, 'course one', ''),
(2, 'course2', ''),
(3, 'Finalcheck', 'Nothing much');

-- --------------------------------------------------------

--
-- Table structure for table `question`
--

DROP TABLE IF EXISTS `question`;
CREATE TABLE IF NOT EXISTS `question` (
  `que_id` int(255) NOT NULL AUTO_INCREMENT,
  `que` text NOT NULL,
  `option 1` varchar(222) NOT NULL,
  `option 2` varchar(222) NOT NULL,
  `option 3` varchar(222) NOT NULL,
  `option 4` varchar(222) NOT NULL,
  `ans` varchar(222) NOT NULL,
  `test_id` int(255) DEFAULT NULL,
  PRIMARY KEY (`que_id`),
  KEY `test_id` (`test_id`)
) ENGINE=InnoDB AUTO_INCREMENT=878 DEFAULT CHARSET=latin1;

--
-- Dumping data for table `question`
--

INSERT INTO `question` (`que_id`, `que`, `option 1`, `option 2`, `option 3`, `option 4`, `ans`, `test_id`) VALUES
(1, 'What does PHP stand for?', 'Preprocessed Hypertext Page', 'Hypertext Markup Language', 'Hypertext Preprocessor', 'Hypertext Transfer Protocol', 'Hypertext Preprocessor', 1),
(2, 'What will be the value of $var? ', '0', '1', '2', 'NULL', '0', 1),
(3, ' ____________ function in PHP Returns a list of response headers sent (or ready to send)', 'header', 'headers_list', 'header_sent', 'header_send', 'headers_list', 1),
(4, 'Which of the following is the Server Side Scripting Language?', 'HTML', 'CSS', 'JS', 'PHP', 'PHP', 1),
(5, 'What is your name?', 'dan', 'shesh', 'amir', 'murnal', 'dan', 1),
(6, 'What is the best helmet brand?', 'aqua', 'red', 'mountain', 'glips', 'mountain', 2),
(7, 'What\'s your fav fruit?', 'apple', 'cherry', 'orange', 'banana', 'cherry', 2),
(873, '[1]', '[1]', '[1]', '[1]', '[1]', '[1]', NULL),
(874, '[2]', '[2]', '[2]', '[2]', '[2]', '[2]', NULL),
(875, '[3]', '[3]', '[3]', '[3]', '[3]', '[3]', NULL),
(876, '[4]', '[4]', '[4]', '[4]', '[4]', '[4]', NULL),
(877, '[5]', '[5]', '[5]', '[5]', '[5]', '[5]', NULL);

-- --------------------------------------------------------

--
-- Table structure for table `test`
--

DROP TABLE IF EXISTS `test`;
CREATE TABLE IF NOT EXISTS `test` (
  `test_id` int(255) NOT NULL AUTO_INCREMENT,
  `test_name` varchar(255) NOT NULL,
  `course_id` int(255) DEFAULT NULL,
  `file` text,
  PRIMARY KEY (`test_id`),
  KEY `course_id` (`course_id`)
) ENGINE=InnoDB AUTO_INCREMENT=742 DEFAULT CHARSET=latin1;

--
-- Dumping data for table `test`
--

INSERT INTO `test` (`test_id`, `test_name`, `course_id`, `file`) VALUES
(1, 'Coding Language', 1, NULL),
(2, 'Something else', 2, NULL),
(3, 'coding challenge', 3, NULL),
(4, '', NULL, 'Danyal Mehrbanilayuegh-Cover Letter.docx'),
(5, '', NULL, 'Danyal Mehrbanilayuegh-Cover Letter.docx'),
(6, '', NULL, 'Email content.docx'),
(7, '', NULL, 'Email content.docx'),
(8, '', NULL, 'Email content.docx'),
(9, '', NULL, 'Danyal Mehrbanilayuegh-Cover Letter.docx'),
(10, '', NULL, 'Email content.docx'),
(11, '', NULL, 'Email content.docx'),
(12, '', NULL, 'Email content.docx'),
(13, '', NULL, 'Danyal Mehrbanilayegh-Resume.docx'),
(14, '', NULL, 'Danyal Mehrbanilayuegh-Cover Letter.docx'),
(15, '', NULL, 'Email content.docx'),
(16, '', NULL, 'Email content.docx'),
(17, '', NULL, 'Danyal Mehrbanilayuegh-Cover Letter.docx'),
(18, '', NULL, 'Danyal Mehrbanilayuegh-Cover Letter.docx'),
(19, '', NULL, 'Danyal Mehrbanilayuegh-Cover Letter.docx'),
(20, '', NULL, 'Danyal Mehrbanilayuegh-Cover Letter.docx'),
(21, '', NULL, 'Danyal Mehrbanilayuegh-Cover Letter.docx'),
(22, '', NULL, 'Danyal Mehrbanilayuegh-Cover Letter.docx'),
(23, '', NULL, 'Danyal Mehrbanilayuegh-Cover Letter.docx'),
(24, '', NULL, 'Danyal Mehrbanilayuegh-Cover Letter.docx'),
(25, '', NULL, 'Danyal Mehrbanilayuegh-Cover Letter.docx'),
(26, '', NULL, 'Danyal Mehrbanilayuegh-Cover Letter.docx'),
(27, '', NULL, 'Danyal Mehrbanilayuegh-Cover Letter.docx'),
(28, '', NULL, 'Danyal Mehrbanilayuegh-Cover Letter.docx'),
(29, '', NULL, 'Danyal Mehrbanilayuegh-Cover Letter.docx'),
(30, '', NULL, 'Danyal Mehrbanilayuegh-Cover Letter.docx'),
(31, '', NULL, 'Danyal Mehrbanilayuegh-Cover Letter.docx'),
(32, '', NULL, 'Danyal Mehrbanilayuegh-Cover Letter.docx'),
(33, '', NULL, 'Danyal Mehrbanilayuegh-Cover Letter.docx'),
(34, '', NULL, 'Danyal Mehrbanilayuegh-Cover Letter.docx'),
(35, '', NULL, 'Danyal Mehrbanilayuegh-Cover Letter.docx'),
(36, '', NULL, 'Danyal Mehrbanilayuegh-Cover Letter.docx'),
(37, '', NULL, 'Danyal Mehrbanilayuegh-Cover Letter.docx'),
(38, '', NULL, 'Danyal Mehrbanilayuegh-Cover Letter.docx'),
(39, '', NULL, 'Danyal Mehrbanilayuegh-Cover Letter.docx'),
(40, '', NULL, 'Danyal Mehrbanilayuegh-Cover Letter.docx'),
(41, '', NULL, 'Danyal Mehrbanilayuegh-Cover Letter.docx'),
(42, '', NULL, 'Danyal Mehrbanilayuegh-Cover Letter.docx'),
(43, '', NULL, 'Danyal Mehrbanilayuegh-Cover Letter.docx'),
(44, '', NULL, 'Danyal Mehrbanilayuegh-Cover Letter.docx'),
(45, '', NULL, 'Danyal Mehrbanilayuegh-Cover Letter.docx'),
(46, '', NULL, 'Danyal Mehrbanilayuegh-Cover Letter.docx'),
(47, '', NULL, 'Danyal Mehrbanilayuegh-Cover Letter.docx'),
(48, '', NULL, 'Danyal Mehrbanilayuegh-Cover Letter.docx'),
(49, '', NULL, 'Danyal Mehrbanilayuegh-Cover Letter.docx'),
(50, '', NULL, 'Danyal Mehrbanilayuegh-Cover Letter.docx'),
(51, '', NULL, 'Danyal Mehrbanilayuegh-Cover Letter.docx'),
(52, '', NULL, 'Danyal Mehrbanilayuegh-Cover Letter.docx'),
(53, '', NULL, 'Danyal Mehrbanilayuegh-Cover Letter.docx'),
(54, '', NULL, 'Danyal Mehrbanilayuegh-Cover Letter.docx'),
(55, '', NULL, 'Danyal Mehrbanilayuegh-Cover Letter.docx'),
(56, '', NULL, 'Danyal Mehrbanilayuegh-Cover Letter.docx'),
(57, '', NULL, 'Danyal Mehrbanilayuegh-Cover Letter.docx'),
(58, '', NULL, 'Danyal Mehrbanilayuegh-Cover Letter.docx'),
(59, '', NULL, 'Danyal Mehrbanilayuegh-Cover Letter.docx'),
(60, '', NULL, 'Danyal Mehrbanilayuegh-Cover Letter.docx'),
(61, '', NULL, 'Danyal Mehrbanilayuegh-Cover Letter.docx'),
(62, '', NULL, 'Danyal Mehrbanilayuegh-Cover Letter.docx'),
(63, '', NULL, 'Danyal Mehrbanilayuegh-Cover Letter.docx'),
(64, '', NULL, 'Danyal Mehrbanilayuegh-Cover Letter.docx'),
(65, '', NULL, 'Danyal Mehrbanilayuegh-Cover Letter.docx'),
(66, '', NULL, 'Danyal Mehrbanilayuegh-Cover Letter.docx'),
(67, '', NULL, 'Danyal Mehrbanilayuegh-Cover Letter.docx'),
(68, '', NULL, 'Danyal Mehrbanilayuegh-Cover Letter.docx'),
(69, '', NULL, 'Danyal Mehrbanilayuegh-Cover Letter.docx'),
(70, '', NULL, 'Danyal Mehrbanilayuegh-Cover Letter.docx'),
(71, '', NULL, 'Danyal Mehrbanilayuegh-Cover Letter.docx'),
(72, '', NULL, 'Danyal Mehrbanilayuegh-Cover Letter.docx'),
(73, '', NULL, 'Danyal Mehrbanilayuegh-Cover Letter.docx'),
(74, '', NULL, 'Danyal Mehrbanilayuegh-Cover Letter.docx'),
(75, '', NULL, 'Danyal Mehrbanilayuegh-Cover Letter.docx'),
(76, '', NULL, 'Danyal Mehrbanilayuegh-Cover Letter.docx'),
(77, '', NULL, 'Danyal Mehrbanilayuegh-Cover Letter.docx'),
(78, '', NULL, 'Danyal Mehrbanilayuegh-Cover Letter.docx'),
(79, '', NULL, 'Danyal Mehrbanilayuegh-Cover Letter.docx'),
(80, '', NULL, 'Danyal Mehrbanilayuegh-Cover Letter.docx'),
(81, '', NULL, 'Danyal Mehrbanilayuegh-Cover Letter.docx'),
(82, '', NULL, 'Danyal Mehrbanilayuegh-Cover Letter.docx'),
(83, '', NULL, 'Danyal Mehrbanilayuegh-Cover Letter.docx'),
(84, '', NULL, 'Danyal Mehrbanilayuegh-Cover Letter.docx'),
(85, '', NULL, 'Danyal Mehrbanilayuegh-Cover Letter.docx'),
(86, '', NULL, 'Danyal Mehrbanilayuegh-Cover Letter.docx'),
(87, '', NULL, 'Danyal Mehrbanilayuegh-Cover Letter.docx'),
(88, '', NULL, 'Danyal Mehrbanilayuegh-Cover Letter.docx'),
(89, '', NULL, 'Danyal Mehrbanilayuegh-Cover Letter.docx'),
(90, '', NULL, 'Danyal Mehrbanilayuegh-Cover Letter.docx'),
(91, '', NULL, 'Danyal Mehrbanilayuegh-Cover Letter.docx'),
(92, '', NULL, 'Danyal Mehrbanilayuegh-Cover Letter.docx'),
(93, '', NULL, 'Danyal Mehrbanilayuegh-Cover Letter.docx'),
(94, '', NULL, 'Danyal Mehrbanilayuegh-Cover Letter.docx'),
(95, '', NULL, 'Danyal Mehrbanilayuegh-Cover Letter.docx'),
(96, '', NULL, 'Danyal Mehrbanilayuegh-Cover Letter.docx'),
(97, '', NULL, 'Danyal Mehrbanilayuegh-Cover Letter.docx'),
(98, '', NULL, 'Danyal Mehrbanilayuegh-Cover Letter.docx'),
(99, '', NULL, 'Danyal Mehrbanilayuegh-Cover Letter.docx'),
(100, '', NULL, 'Danyal Mehrbanilayuegh-Cover Letter.docx'),
(101, '', NULL, 'Danyal Mehrbanilayuegh-Cover Letter.docx'),
(102, '', NULL, 'Danyal Mehrbanilayuegh-Cover Letter.docx'),
(103, '', NULL, 'Danyal Mehrbanilayuegh-Cover Letter.docx'),
(104, '', NULL, 'Danyal Mehrbanilayuegh-Cover Letter.docx'),
(105, '', NULL, 'Danyal Mehrbanilayuegh-Cover Letter.docx'),
(106, '', NULL, 'Danyal Mehrbanilayuegh-Cover Letter.docx'),
(107, '', NULL, 'Danyal Mehrbanilayuegh-Cover Letter.docx'),
(108, '', NULL, 'Danyal Mehrbanilayuegh-Cover Letter.docx'),
(109, '', NULL, 'Danyal Mehrbanilayuegh-Cover Letter.docx'),
(110, '', NULL, 'Danyal Mehrbanilayuegh-Cover Letter.docx'),
(111, '', NULL, 'Danyal Mehrbanilayuegh-Cover Letter.docx'),
(112, '', NULL, 'Danyal Mehrbanilayuegh-Cover Letter.docx'),
(113, '', NULL, 'Danyal Mehrbanilayuegh-Cover Letter.docx'),
(114, '', NULL, 'Danyal Mehrbanilayuegh-Cover Letter.docx'),
(115, '', NULL, 'Danyal Mehrbanilayuegh-Cover Letter.docx'),
(116, '', NULL, 'Danyal Mehrbanilayuegh-Cover Letter.docx'),
(117, '', NULL, 'Danyal Mehrbanilayuegh-Cover Letter.docx'),
(118, '', NULL, 'Danyal Mehrbanilayuegh-Cover Letter.docx'),
(119, '', NULL, 'Danyal Mehrbanilayuegh-Cover Letter.docx'),
(120, '', NULL, 'Danyal Mehrbanilayuegh-Cover Letter.docx'),
(121, '', NULL, 'Danyal Mehrbanilayuegh-Cover Letter.docx'),
(122, '', NULL, 'Danyal Mehrbanilayuegh-Cover Letter.docx'),
(123, '', NULL, 'Danyal Mehrbanilayuegh-Cover Letter.docx'),
(124, '', NULL, 'Danyal Mehrbanilayuegh-Cover Letter.docx'),
(125, '', NULL, 'Danyal Mehrbanilayuegh-Cover Letter.docx'),
(126, '', NULL, 'Danyal Mehrbanilayuegh-Cover Letter.docx'),
(127, '', NULL, 'Danyal Mehrbanilayuegh-Cover Letter.docx'),
(128, '', NULL, 'Danyal Mehrbanilayuegh-Cover Letter.docx'),
(129, '', NULL, 'Danyal Mehrbanilayuegh-Cover Letter.docx'),
(130, '', NULL, 'Danyal Mehrbanilayuegh-Cover Letter.docx'),
(131, '', NULL, 'Danyal Mehrbanilayuegh-Cover Letter.docx'),
(132, '', NULL, 'Danyal Mehrbanilayuegh-Cover Letter.docx'),
(133, '', NULL, 'Danyal Mehrbanilayuegh-Cover Letter.docx'),
(134, '', NULL, 'Danyal Mehrbanilayuegh-Cover Letter.docx'),
(135, '', NULL, 'Danyal Mehrbanilayuegh-Cover Letter.docx'),
(136, '', NULL, 'Danyal Mehrbanilayuegh-Cover Letter.docx'),
(137, '', NULL, 'Danyal Mehrbanilayuegh-Cover Letter.docx'),
(138, '', NULL, 'Danyal Mehrbanilayuegh-Cover Letter.docx'),
(139, '', NULL, 'Danyal Mehrbanilayuegh-Cover Letter.docx'),
(140, '', NULL, 'Danyal Mehrbanilayuegh-Cover Letter.docx'),
(141, '', NULL, 'Danyal Mehrbanilayuegh-Cover Letter.docx'),
(142, '', NULL, 'Danyal Mehrbanilayuegh-Cover Letter.docx'),
(143, '', NULL, 'Danyal Mehrbanilayuegh-Cover Letter.docx'),
(144, '', NULL, 'Danyal Mehrbanilayuegh-Cover Letter.docx'),
(145, '', NULL, 'Danyal Mehrbanilayuegh-Cover Letter.docx'),
(146, '', NULL, 'Danyal Mehrbanilayuegh-Cover Letter.docx'),
(147, '', NULL, 'Danyal Mehrbanilayuegh-Cover Letter.docx'),
(148, '', NULL, 'Danyal Mehrbanilayuegh-Cover Letter.docx'),
(149, '', NULL, 'Danyal Mehrbanilayuegh-Cover Letter.docx'),
(150, '', NULL, 'Danyal Mehrbanilayuegh-Cover Letter.docx'),
(151, '', NULL, 'Danyal Mehrbanilayuegh-Cover Letter.docx'),
(152, '', NULL, 'Danyal Mehrbanilayuegh-Cover Letter.docx'),
(153, '', NULL, 'Danyal Mehrbanilayuegh-Cover Letter.docx'),
(154, '', NULL, 'Danyal Mehrbanilayuegh-Cover Letter.docx'),
(155, '', NULL, 'Danyal Mehrbanilayuegh-Cover Letter.docx'),
(156, '', NULL, 'Danyal Mehrbanilayuegh-Cover Letter.docx'),
(157, '', NULL, 'Danyal Mehrbanilayuegh-Cover Letter.docx'),
(158, '', NULL, 'Danyal Mehrbanilayuegh-Cover Letter.docx'),
(159, '', NULL, 'Danyal Mehrbanilayuegh-Cover Letter.docx'),
(160, '', NULL, 'Danyal Mehrbanilayuegh-Cover Letter.docx'),
(161, '', NULL, 'Danyal Mehrbanilayuegh-Cover Letter.docx'),
(162, '', NULL, 'Danyal Mehrbanilayuegh-Cover Letter.docx'),
(163, '', NULL, 'Danyal Mehrbanilayuegh-Cover Letter.docx'),
(164, '', NULL, 'Danyal Mehrbanilayuegh-Cover Letter.docx'),
(165, '', NULL, 'Danyal Mehrbanilayuegh-Cover Letter.docx'),
(166, '', NULL, 'Danyal Mehrbanilayuegh-Cover Letter.docx'),
(167, '', NULL, 'Danyal Mehrbanilayuegh-Cover Letter.docx'),
(168, '', NULL, 'Danyal Mehrbanilayuegh-Cover Letter.docx'),
(169, '', NULL, 'Danyal Mehrbanilayuegh-Cover Letter.docx'),
(170, '', NULL, 'Danyal Mehrbanilayuegh-Cover Letter.docx'),
(171, '', NULL, 'Danyal Mehrbanilayuegh-Cover Letter.docx'),
(172, '', NULL, 'Danyal Mehrbanilayuegh-Cover Letter.docx'),
(173, '', NULL, 'Danyal Mehrbanilayuegh-Cover Letter.docx'),
(174, '', NULL, 'Danyal Mehrbanilayuegh-Cover Letter.docx'),
(175, '', NULL, 'Danyal Mehrbanilayuegh-Cover Letter.docx'),
(176, '', NULL, 'Danyal Mehrbanilayuegh-Cover Letter.docx'),
(177, '', NULL, 'Danyal Mehrbanilayuegh-Cover Letter.docx'),
(178, '', NULL, 'Danyal Mehrbanilayuegh-Cover Letter.docx'),
(179, '', NULL, 'Danyal Mehrbanilayuegh-Cover Letter.docx'),
(180, '', NULL, 'Danyal Mehrbanilayuegh-Cover Letter.docx'),
(181, '', NULL, 'Danyal Mehrbanilayuegh-Cover Letter.docx'),
(182, '', NULL, 'Danyal Mehrbanilayuegh-Cover Letter.docx'),
(183, '', NULL, 'Danyal Mehrbanilayuegh-Cover Letter.docx'),
(184, '', NULL, 'Danyal Mehrbanilayuegh-Cover Letter.docx'),
(185, '', NULL, 'Danyal Mehrbanilayuegh-Cover Letter.docx'),
(186, '', NULL, 'Danyal Mehrbanilayuegh-Cover Letter.docx'),
(187, '', NULL, 'Danyal Mehrbanilayuegh-Cover Letter.docx'),
(188, '', NULL, 'Danyal Mehrbanilayuegh-Cover Letter.docx'),
(189, '', NULL, 'Danyal Mehrbanilayuegh-Cover Letter.docx'),
(190, '', NULL, 'Danyal Mehrbanilayuegh-Cover Letter.docx'),
(191, '', NULL, 'Danyal Mehrbanilayuegh-Cover Letter.docx'),
(192, '', NULL, 'Danyal Mehrbanilayuegh-Cover Letter.docx'),
(193, '', NULL, 'Danyal Mehrbanilayuegh-Cover Letter.docx'),
(194, '', NULL, 'Danyal Mehrbanilayuegh-Cover Letter.docx'),
(195, '', NULL, 'Danyal Mehrbanilayuegh-Cover Letter.docx'),
(196, '', NULL, 'Danyal Mehrbanilayuegh-Cover Letter.docx'),
(197, '', NULL, 'Danyal Mehrbanilayuegh-Cover Letter.docx'),
(198, '', NULL, 'Danyal Mehrbanilayuegh-Cover Letter.docx'),
(199, '', NULL, 'Danyal Mehrbanilayuegh-Cover Letter.docx'),
(200, '', NULL, 'Danyal Mehrbanilayuegh-Cover Letter.docx'),
(201, '', NULL, 'Danyal Mehrbanilayuegh-Cover Letter.docx'),
(202, '', NULL, 'Danyal Mehrbanilayuegh-Cover Letter.docx'),
(203, '', NULL, 'Danyal Mehrbanilayuegh-Cover Letter.docx'),
(204, '', NULL, 'Danyal Mehrbanilayuegh-Cover Letter.docx'),
(205, '', NULL, 'Danyal Mehrbanilayuegh-Cover Letter.docx'),
(206, '', NULL, 'Danyal Mehrbanilayuegh-Cover Letter.docx'),
(207, '', NULL, 'Danyal Mehrbanilayuegh-Cover Letter.docx'),
(208, '', NULL, 'Danyal Mehrbanilayuegh-Cover Letter.docx'),
(209, '', NULL, 'Danyal Mehrbanilayuegh-Cover Letter.docx'),
(210, '', NULL, 'Danyal Mehrbanilayuegh-Cover Letter.docx'),
(211, '', NULL, 'Danyal Mehrbanilayuegh-Cover Letter.docx'),
(212, '', NULL, 'Danyal Mehrbanilayuegh-Cover Letter.docx'),
(213, '', NULL, 'Danyal Mehrbanilayuegh-Cover Letter.docx'),
(214, '', NULL, 'Danyal Mehrbanilayuegh-Cover Letter.docx'),
(215, '', NULL, 'Danyal Mehrbanilayuegh-Cover Letter.docx'),
(216, '', NULL, 'Danyal Mehrbanilayuegh-Cover Letter.docx'),
(217, '', NULL, 'Danyal Mehrbanilayuegh-Cover Letter.docx'),
(218, '', NULL, 'Danyal Mehrbanilayuegh-Cover Letter.docx'),
(219, '', NULL, 'Danyal Mehrbanilayuegh-Cover Letter.docx'),
(220, '', NULL, 'Danyal Mehrbanilayuegh-Cover Letter.docx'),
(221, '', NULL, 'Danyal Mehrbanilayuegh-Cover Letter.docx'),
(222, '', NULL, 'Danyal Mehrbanilayuegh-Cover Letter.docx'),
(223, '', NULL, 'Danyal Mehrbanilayuegh-Cover Letter.docx'),
(224, '', NULL, 'Danyal Mehrbanilayuegh-Cover Letter.docx'),
(225, '', NULL, 'Danyal Mehrbanilayuegh-Cover Letter.docx'),
(226, '', NULL, 'Danyal Mehrbanilayuegh-Cover Letter.docx'),
(227, '', NULL, 'Danyal Mehrbanilayuegh-Cover Letter.docx'),
(228, '', NULL, 'Danyal Mehrbanilayuegh-Cover Letter.docx'),
(229, '', NULL, 'Danyal Mehrbanilayuegh-Cover Letter.docx'),
(230, '', NULL, 'Danyal Mehrbanilayuegh-Cover Letter.docx'),
(231, '', NULL, 'Danyal Mehrbanilayuegh-Cover Letter.docx'),
(232, '', NULL, 'Danyal Mehrbanilayuegh-Cover Letter.docx'),
(233, '', NULL, 'Danyal Mehrbanilayuegh-Cover Letter.docx'),
(234, '', NULL, 'Danyal Mehrbanilayuegh-Cover Letter.docx'),
(235, '', NULL, 'Danyal Mehrbanilayuegh-Cover Letter.docx'),
(236, '', NULL, 'Danyal Mehrbanilayuegh-Cover Letter.docx'),
(237, '', NULL, 'Danyal Mehrbanilayuegh-Cover Letter.docx'),
(238, '', NULL, 'Danyal Mehrbanilayuegh-Cover Letter.docx'),
(239, '', NULL, 'Danyal Mehrbanilayuegh-Cover Letter.docx'),
(240, '', NULL, 'Danyal Mehrbanilayuegh-Cover Letter.docx'),
(241, '', NULL, 'Danyal Mehrbanilayuegh-Cover Letter.docx'),
(242, '', NULL, 'Danyal Mehrbanilayuegh-Cover Letter.docx'),
(243, '', NULL, 'Danyal Mehrbanilayuegh-Cover Letter.docx'),
(244, '', NULL, 'Danyal Mehrbanilayuegh-Cover Letter.docx'),
(245, '', NULL, 'Danyal Mehrbanilayuegh-Cover Letter.docx'),
(246, '', NULL, 'Danyal Mehrbanilayuegh-Cover Letter.docx'),
(247, '', NULL, 'Danyal Mehrbanilayuegh-Cover Letter.docx'),
(248, '', NULL, 'Danyal Mehrbanilayuegh-Cover Letter.docx'),
(249, '', NULL, 'Danyal Mehrbanilayuegh-Cover Letter.docx'),
(250, '', NULL, 'Danyal Mehrbanilayuegh-Cover Letter.docx'),
(251, '', NULL, 'Danyal Mehrbanilayuegh-Cover Letter.docx'),
(252, '', NULL, 'Danyal Mehrbanilayuegh-Cover Letter.docx'),
(253, '', NULL, 'Danyal Mehrbanilayuegh-Cover Letter.docx'),
(254, '', NULL, 'Danyal Mehrbanilayuegh-Cover Letter.docx'),
(255, '', NULL, 'Danyal Mehrbanilayuegh-Cover Letter.docx'),
(256, '', NULL, 'Danyal Mehrbanilayuegh-Cover Letter.docx'),
(257, '', NULL, 'Danyal Mehrbanilayuegh-Cover Letter.docx'),
(258, '', NULL, 'Danyal Mehrbanilayuegh-Cover Letter.docx'),
(259, '', NULL, 'Danyal Mehrbanilayuegh-Cover Letter.docx'),
(260, '', NULL, 'Danyal Mehrbanilayuegh-Cover Letter.docx'),
(261, '', NULL, 'Danyal Mehrbanilayuegh-Cover Letter.docx'),
(262, '', NULL, 'Danyal Mehrbanilayuegh-Cover Letter.docx'),
(263, '', NULL, 'Danyal Mehrbanilayuegh-Cover Letter.docx'),
(264, '', NULL, 'Danyal Mehrbanilayuegh-Cover Letter.docx'),
(265, '', NULL, 'Danyal Mehrbanilayuegh-Cover Letter.docx'),
(266, '', NULL, 'Danyal Mehrbanilayuegh-Cover Letter.docx'),
(267, '', NULL, 'Danyal Mehrbanilayuegh-Cover Letter.docx'),
(268, '', NULL, 'Danyal Mehrbanilayuegh-Cover Letter.docx'),
(269, '', NULL, 'Danyal Mehrbanilayuegh-Cover Letter.docx'),
(270, '', NULL, 'Danyal Mehrbanilayuegh-Cover Letter.docx'),
(271, '', NULL, 'Danyal Mehrbanilayuegh-Cover Letter.docx'),
(272, '', NULL, 'Danyal Mehrbanilayuegh-Cover Letter.docx'),
(273, '', NULL, 'Danyal Mehrbanilayuegh-Cover Letter.docx'),
(274, '', NULL, 'Danyal Mehrbanilayuegh-Cover Letter.docx'),
(275, '', NULL, 'Danyal Mehrbanilayuegh-Cover Letter.docx'),
(276, '', NULL, 'Danyal Mehrbanilayuegh-Cover Letter.docx'),
(277, '', NULL, 'Danyal Mehrbanilayuegh-Cover Letter.docx'),
(278, '', NULL, 'Danyal Mehrbanilayuegh-Cover Letter.docx'),
(279, '', NULL, 'Danyal Mehrbanilayuegh-Cover Letter.docx'),
(280, '', NULL, 'Danyal Mehrbanilayuegh-Cover Letter.docx'),
(281, '', NULL, 'Danyal Mehrbanilayuegh-Cover Letter.docx'),
(282, '', NULL, 'Danyal Mehrbanilayuegh-Cover Letter.docx'),
(283, '', NULL, 'Danyal Mehrbanilayuegh-Cover Letter.docx'),
(284, '', NULL, 'Danyal Mehrbanilayuegh-Cover Letter.docx'),
(285, '', NULL, 'Danyal Mehrbanilayuegh-Cover Letter.docx'),
(286, '', NULL, 'Danyal Mehrbanilayuegh-Cover Letter.docx'),
(287, '', NULL, 'Danyal Mehrbanilayuegh-Cover Letter.docx'),
(288, '', NULL, 'Danyal Mehrbanilayuegh-Cover Letter.docx'),
(289, '', NULL, 'Danyal Mehrbanilayuegh-Cover Letter.docx'),
(290, '', NULL, 'Danyal Mehrbanilayuegh-Cover Letter.docx'),
(291, '', NULL, 'Danyal Mehrbanilayuegh-Cover Letter.docx'),
(292, '', NULL, 'Danyal Mehrbanilayuegh-Cover Letter.docx'),
(293, '', NULL, 'Danyal Mehrbanilayuegh-Cover Letter.docx'),
(294, '', NULL, 'Danyal Mehrbanilayuegh-Cover Letter.docx'),
(295, '', NULL, 'Danyal Mehrbanilayuegh-Cover Letter.docx'),
(296, '', NULL, 'Danyal Mehrbanilayuegh-Cover Letter.docx'),
(297, '', NULL, 'Danyal Mehrbanilayuegh-Cover Letter.docx'),
(298, '', NULL, 'Danyal Mehrbanilayuegh-Cover Letter.docx'),
(299, '', NULL, 'Danyal Mehrbanilayuegh-Cover Letter.docx'),
(300, '', NULL, 'Danyal Mehrbanilayuegh-Cover Letter.docx'),
(301, '', NULL, 'Danyal Mehrbanilayuegh-Cover Letter.docx'),
(302, '', NULL, 'Danyal Mehrbanilayuegh-Cover Letter.docx'),
(303, '', NULL, 'Danyal Mehrbanilayuegh-Cover Letter.docx'),
(304, '', NULL, 'Danyal Mehrbanilayuegh-Cover Letter.docx'),
(305, '', NULL, 'Danyal Mehrbanilayuegh-Cover Letter.docx'),
(306, '', NULL, 'Danyal Mehrbanilayuegh-Cover Letter.docx'),
(307, '', NULL, 'Danyal Mehrbanilayuegh-Cover Letter.docx'),
(308, '', NULL, 'Danyal Mehrbanilayuegh-Cover Letter.docx'),
(309, '', NULL, 'Danyal Mehrbanilayuegh-Cover Letter.docx'),
(310, '', NULL, 'Danyal Mehrbanilayuegh-Cover Letter.docx'),
(311, '', NULL, 'Danyal Mehrbanilayuegh-Cover Letter.docx'),
(312, '', NULL, 'Danyal Mehrbanilayuegh-Cover Letter.docx'),
(313, '', NULL, 'Danyal Mehrbanilayuegh-Cover Letter.docx'),
(314, '', NULL, 'Danyal Mehrbanilayuegh-Cover Letter.docx'),
(315, '', NULL, 'Danyal Mehrbanilayuegh-Cover Letter.docx'),
(316, '', NULL, 'Danyal Mehrbanilayuegh-Cover Letter.docx'),
(317, '', NULL, 'Danyal Mehrbanilayuegh-Cover Letter.docx'),
(318, '', NULL, 'Danyal Mehrbanilayuegh-Cover Letter.docx'),
(319, '', NULL, 'Danyal Mehrbanilayuegh-Cover Letter.docx'),
(320, '', NULL, 'Danyal Mehrbanilayuegh-Cover Letter.docx'),
(321, '', NULL, 'Danyal Mehrbanilayuegh-Cover Letter.docx'),
(322, '', NULL, 'Danyal Mehrbanilayuegh-Cover Letter.docx'),
(323, '', NULL, 'Danyal Mehrbanilayuegh-Cover Letter.docx'),
(324, '', NULL, 'Danyal Mehrbanilayuegh-Cover Letter.docx'),
(325, '', NULL, 'Danyal Mehrbanilayuegh-Cover Letter.docx'),
(326, '', NULL, 'Danyal Mehrbanilayuegh-Cover Letter.docx'),
(327, '', NULL, 'Danyal Mehrbanilayuegh-Cover Letter.docx'),
(328, '', NULL, 'Danyal Mehrbanilayuegh-Cover Letter.docx'),
(329, '', NULL, 'Danyal Mehrbanilayuegh-Cover Letter.docx'),
(330, '', NULL, 'Danyal Mehrbanilayuegh-Cover Letter.docx'),
(331, '', NULL, 'Danyal Mehrbanilayuegh-Cover Letter.docx'),
(332, '', NULL, 'Danyal Mehrbanilayuegh-Cover Letter.docx'),
(333, '', NULL, 'Danyal Mehrbanilayuegh-Cover Letter.docx'),
(334, '', NULL, 'Danyal Mehrbanilayuegh-Cover Letter.docx'),
(335, '', NULL, 'Danyal Mehrbanilayuegh-Cover Letter.docx'),
(336, '', NULL, 'Danyal Mehrbanilayuegh-Cover Letter.docx'),
(337, '', NULL, 'Danyal Mehrbanilayuegh-Cover Letter.docx'),
(338, '', NULL, 'Danyal Mehrbanilayuegh-Cover Letter.docx'),
(339, '', NULL, 'Danyal Mehrbanilayuegh-Cover Letter.docx'),
(340, '', NULL, 'Danyal Mehrbanilayuegh-Cover Letter.docx'),
(341, '', NULL, 'Danyal Mehrbanilayuegh-Cover Letter.docx'),
(342, '', NULL, 'Danyal Mehrbanilayuegh-Cover Letter.docx'),
(343, '', NULL, 'Danyal Mehrbanilayuegh-Cover Letter.docx'),
(344, '', NULL, 'Danyal Mehrbanilayuegh-Cover Letter.docx'),
(345, '', NULL, 'Danyal Mehrbanilayuegh-Cover Letter.docx'),
(346, '', NULL, 'Danyal Mehrbanilayuegh-Cover Letter.docx'),
(347, '', NULL, 'Danyal Mehrbanilayuegh-Cover Letter.docx'),
(348, '', NULL, 'Danyal Mehrbanilayuegh-Cover Letter.docx'),
(349, '', NULL, 'Danyal Mehrbanilayuegh-Cover Letter.docx'),
(350, '', NULL, 'Danyal Mehrbanilayuegh-Cover Letter.docx'),
(351, '', NULL, 'Danyal Mehrbanilayuegh-Cover Letter.docx'),
(352, '', NULL, 'Danyal Mehrbanilayuegh-Cover Letter.docx'),
(353, '', NULL, 'Danyal Mehrbanilayuegh-Cover Letter.docx'),
(354, '', NULL, 'Danyal Mehrbanilayuegh-Cover Letter.docx'),
(355, '', NULL, 'Danyal Mehrbanilayuegh-Cover Letter.docx'),
(356, '', NULL, 'Danyal Mehrbanilayuegh-Cover Letter.docx'),
(357, '', NULL, 'Danyal Mehrbanilayuegh-Cover Letter.docx'),
(358, '', NULL, 'Danyal Mehrbanilayuegh-Cover Letter.docx'),
(359, '', NULL, 'Danyal Mehrbanilayuegh-Cover Letter.docx'),
(360, '', NULL, 'Danyal Mehrbanilayuegh-Cover Letter.docx'),
(361, '', NULL, 'Danyal Mehrbanilayuegh-Cover Letter.docx'),
(362, '', NULL, 'Danyal Mehrbanilayuegh-Cover Letter.docx'),
(363, '', NULL, 'Danyal Mehrbanilayuegh-Cover Letter.docx'),
(364, '', NULL, 'Danyal Mehrbanilayuegh-Cover Letter.docx'),
(365, '', NULL, 'Danyal Mehrbanilayuegh-Cover Letter.docx'),
(366, '', NULL, 'Danyal Mehrbanilayuegh-Cover Letter.docx'),
(367, '', NULL, 'Danyal Mehrbanilayuegh-Cover Letter.docx'),
(368, '', NULL, 'Danyal Mehrbanilayuegh-Cover Letter.docx'),
(369, '', NULL, 'Danyal Mehrbanilayuegh-Cover Letter.docx'),
(370, '', NULL, 'Danyal Mehrbanilayuegh-Cover Letter.docx'),
(371, '', NULL, 'Danyal Mehrbanilayuegh-Cover Letter.docx'),
(372, '', NULL, 'Danyal Mehrbanilayuegh-Cover Letter.docx'),
(373, '', NULL, 'Danyal Mehrbanilayuegh-Cover Letter.docx'),
(374, '', NULL, 'Danyal Mehrbanilayuegh-Cover Letter.docx'),
(375, '', NULL, 'Danyal Mehrbanilayuegh-Cover Letter.docx'),
(376, '', NULL, 'Danyal Mehrbanilayuegh-Cover Letter.docx'),
(377, '', NULL, 'Danyal Mehrbanilayuegh-Cover Letter.docx'),
(378, '', NULL, 'Danyal Mehrbanilayuegh-Cover Letter.docx'),
(379, '', NULL, 'Danyal Mehrbanilayuegh-Cover Letter.docx'),
(380, '', NULL, 'Danyal Mehrbanilayuegh-Cover Letter.docx'),
(381, '', NULL, 'Danyal Mehrbanilayuegh-Cover Letter.docx'),
(382, '', NULL, 'Danyal Mehrbanilayuegh-Cover Letter.docx'),
(383, '', NULL, 'Danyal Mehrbanilayuegh-Cover Letter.docx'),
(384, '', NULL, 'Danyal Mehrbanilayuegh-Cover Letter.docx'),
(385, '', NULL, 'Danyal Mehrbanilayuegh-Cover Letter.docx'),
(386, '', NULL, 'Danyal Mehrbanilayuegh-Cover Letter.docx'),
(387, '', NULL, 'Danyal Mehrbanilayuegh-Cover Letter.docx'),
(388, '', NULL, 'Danyal Mehrbanilayuegh-Cover Letter.docx'),
(389, '', NULL, 'Danyal Mehrbanilayuegh-Cover Letter.docx'),
(390, '', NULL, 'Danyal Mehrbanilayuegh-Cover Letter.docx'),
(391, '', NULL, 'Danyal Mehrbanilayuegh-Cover Letter.docx'),
(392, '', NULL, 'Danyal Mehrbanilayuegh-Cover Letter.docx'),
(393, '', NULL, 'Danyal Mehrbanilayuegh-Cover Letter.docx'),
(394, '', NULL, 'Danyal Mehrbanilayuegh-Cover Letter.docx'),
(395, '', NULL, 'Danyal Mehrbanilayuegh-Cover Letter.docx'),
(396, '', NULL, 'Danyal Mehrbanilayuegh-Cover Letter.docx'),
(397, '', NULL, 'Danyal Mehrbanilayuegh-Cover Letter.docx'),
(398, '', NULL, 'Danyal Mehrbanilayuegh-Cover Letter.docx'),
(399, '', NULL, 'Danyal Mehrbanilayuegh-Cover Letter.docx'),
(400, '', NULL, 'Danyal Mehrbanilayuegh-Cover Letter.docx'),
(401, '', NULL, 'Danyal Mehrbanilayuegh-Cover Letter.docx'),
(402, '', NULL, 'Danyal Mehrbanilayuegh-Cover Letter.docx'),
(403, '', NULL, 'Danyal Mehrbanilayuegh-Cover Letter.docx'),
(404, '', NULL, 'Danyal Mehrbanilayuegh-Cover Letter.docx'),
(405, '', NULL, 'Danyal Mehrbanilayuegh-Cover Letter.docx'),
(406, '', NULL, 'Danyal Mehrbanilayuegh-Cover Letter.docx'),
(407, '', NULL, 'Danyal Mehrbanilayuegh-Cover Letter.docx'),
(408, '', NULL, 'Danyal Mehrbanilayuegh-Cover Letter.docx'),
(409, '', NULL, 'Danyal Mehrbanilayuegh-Cover Letter.docx'),
(410, '', NULL, 'Danyal Mehrbanilayuegh-Cover Letter.docx'),
(411, '', NULL, 'Danyal Mehrbanilayuegh-Cover Letter.docx'),
(412, '', NULL, 'Danyal Mehrbanilayuegh-Cover Letter.docx'),
(413, '', NULL, 'Danyal Mehrbanilayuegh-Cover Letter.docx'),
(414, '', NULL, 'Danyal Mehrbanilayuegh-Cover Letter.docx'),
(415, '', NULL, 'Danyal Mehrbanilayuegh-Cover Letter.docx'),
(416, '', NULL, 'Danyal Mehrbanilayuegh-Cover Letter.docx'),
(417, '', NULL, 'Danyal Mehrbanilayuegh-Cover Letter.docx'),
(418, '', NULL, 'Danyal Mehrbanilayuegh-Cover Letter.docx'),
(419, '', NULL, 'Danyal Mehrbanilayuegh-Cover Letter.docx'),
(420, '', NULL, 'Danyal Mehrbanilayuegh-Cover Letter.docx'),
(421, '', NULL, 'Danyal Mehrbanilayuegh-Cover Letter.docx'),
(422, '', NULL, 'Danyal Mehrbanilayuegh-Cover Letter.docx'),
(423, '', NULL, 'Danyal Mehrbanilayuegh-Cover Letter.docx'),
(424, '', NULL, 'Danyal Mehrbanilayuegh-Cover Letter.docx'),
(425, '', NULL, 'Danyal Mehrbanilayuegh-Cover Letter.docx'),
(426, '', NULL, 'Danyal Mehrbanilayuegh-Cover Letter.docx'),
(427, '', NULL, 'Danyal Mehrbanilayuegh-Cover Letter.docx'),
(428, '', NULL, 'Danyal Mehrbanilayuegh-Cover Letter.docx'),
(429, '', NULL, 'Danyal Mehrbanilayuegh-Cover Letter.docx'),
(430, '', NULL, 'Danyal Mehrbanilayuegh-Cover Letter.docx'),
(431, '', NULL, 'Danyal Mehrbanilayuegh-Cover Letter.docx'),
(432, '', NULL, 'Danyal Mehrbanilayuegh-Cover Letter.docx'),
(433, '', NULL, 'Danyal Mehrbanilayuegh-Cover Letter.docx'),
(434, '', NULL, 'Danyal Mehrbanilayuegh-Cover Letter.docx'),
(435, '', NULL, 'Danyal Mehrbanilayuegh-Cover Letter.docx'),
(436, '', NULL, 'Danyal Mehrbanilayuegh-Cover Letter.docx'),
(437, '', NULL, 'Danyal Mehrbanilayuegh-Cover Letter.docx'),
(438, '', NULL, 'Danyal Mehrbanilayuegh-Cover Letter.docx'),
(439, '', NULL, 'Danyal Mehrbanilayuegh-Cover Letter.docx'),
(440, '', NULL, 'Danyal Mehrbanilayuegh-Cover Letter.docx'),
(441, '', NULL, 'Danyal Mehrbanilayuegh-Cover Letter.docx'),
(442, '', NULL, 'Danyal Mehrbanilayuegh-Cover Letter.docx'),
(443, '', NULL, 'Danyal Mehrbanilayuegh-Cover Letter.docx'),
(444, '', NULL, 'Danyal Mehrbanilayuegh-Cover Letter.docx'),
(445, '', NULL, 'Danyal Mehrbanilayuegh-Cover Letter.docx'),
(446, '', NULL, 'Danyal Mehrbanilayuegh-Cover Letter.docx'),
(447, '', NULL, 'Danyal Mehrbanilayuegh-Cover Letter.docx'),
(448, '', NULL, 'Danyal Mehrbanilayuegh-Cover Letter.docx'),
(449, '', NULL, 'Danyal Mehrbanilayuegh-Cover Letter.docx'),
(450, '', NULL, 'Danyal Mehrbanilayuegh-Cover Letter.docx'),
(451, '', NULL, 'Danyal Mehrbanilayuegh-Cover Letter.docx'),
(452, '', NULL, 'Danyal Mehrbanilayuegh-Cover Letter.docx'),
(453, '', NULL, 'Danyal Mehrbanilayuegh-Cover Letter.docx'),
(454, '', NULL, 'Danyal Mehrbanilayuegh-Cover Letter.docx'),
(455, '', NULL, 'Danyal Mehrbanilayuegh-Cover Letter.docx'),
(456, '', NULL, 'Danyal Mehrbanilayuegh-Cover Letter.docx'),
(457, '', NULL, 'Danyal Mehrbanilayuegh-Cover Letter.docx'),
(458, '', NULL, 'Danyal Mehrbanilayuegh-Cover Letter.docx'),
(459, '', NULL, 'Danyal Mehrbanilayuegh-Cover Letter.docx'),
(460, '', NULL, 'Danyal Mehrbanilayuegh-Cover Letter.docx'),
(461, '', NULL, 'Danyal Mehrbanilayuegh-Cover Letter.docx'),
(462, '', NULL, 'Danyal Mehrbanilayuegh-Cover Letter.docx'),
(463, '', NULL, 'Danyal Mehrbanilayuegh-Cover Letter.docx'),
(464, '', NULL, 'Danyal Mehrbanilayuegh-Cover Letter.docx'),
(465, '', NULL, 'Danyal Mehrbanilayuegh-Cover Letter.docx'),
(466, '', NULL, 'Danyal Mehrbanilayuegh-Cover Letter.docx'),
(467, '', NULL, 'Danyal Mehrbanilayuegh-Cover Letter.docx'),
(468, '', NULL, 'Danyal Mehrbanilayuegh-Cover Letter.docx'),
(469, '', NULL, 'Danyal Mehrbanilayuegh-Cover Letter.docx'),
(470, '', NULL, 'Danyal Mehrbanilayuegh-Cover Letter.docx'),
(471, '', NULL, 'Danyal Mehrbanilayuegh-Cover Letter.docx'),
(472, '', NULL, 'Danyal Mehrbanilayuegh-Cover Letter.docx'),
(473, '', NULL, 'Danyal Mehrbanilayuegh-Cover Letter.docx'),
(474, '', NULL, 'Danyal Mehrbanilayuegh-Cover Letter.docx'),
(475, '', NULL, 'Danyal Mehrbanilayuegh-Cover Letter.docx'),
(476, '', NULL, 'Danyal Mehrbanilayuegh-Cover Letter.docx'),
(477, '', NULL, 'Danyal Mehrbanilayuegh-Cover Letter.docx'),
(478, '', NULL, 'Danyal Mehrbanilayuegh-Cover Letter.docx'),
(479, '', NULL, 'Danyal Mehrbanilayuegh-Cover Letter.docx'),
(480, '', NULL, 'Danyal Mehrbanilayuegh-Cover Letter.docx'),
(481, '', NULL, 'Danyal Mehrbanilayuegh-Cover Letter.docx'),
(482, '', NULL, 'Danyal Mehrbanilayuegh-Cover Letter.docx'),
(483, '', NULL, 'Danyal Mehrbanilayuegh-Cover Letter.docx'),
(484, '', NULL, 'Danyal Mehrbanilayuegh-Cover Letter.docx'),
(485, '', NULL, 'Danyal Mehrbanilayuegh-Cover Letter.docx'),
(486, '', NULL, 'Danyal Mehrbanilayuegh-Cover Letter.docx'),
(487, '', NULL, 'Danyal Mehrbanilayuegh-Cover Letter.docx'),
(488, '', NULL, 'Danyal Mehrbanilayuegh-Cover Letter.docx'),
(489, '', NULL, 'Danyal Mehrbanilayuegh-Cover Letter.docx'),
(490, '', NULL, 'Danyal Mehrbanilayuegh-Cover Letter.docx'),
(491, '', NULL, 'Danyal Mehrbanilayuegh-Cover Letter.docx'),
(492, '', NULL, 'Danyal Mehrbanilayuegh-Cover Letter.docx'),
(493, '', NULL, 'Danyal Mehrbanilayuegh-Cover Letter.docx'),
(494, '', NULL, 'Danyal Mehrbanilayuegh-Cover Letter.docx'),
(495, '', NULL, 'Danyal Mehrbanilayuegh-Cover Letter.docx'),
(496, '', NULL, 'Danyal Mehrbanilayuegh-Cover Letter.docx'),
(497, '', NULL, 'Danyal Mehrbanilayuegh-Cover Letter.docx'),
(498, '', NULL, 'Danyal Mehrbanilayuegh-Cover Letter.docx'),
(499, '', NULL, 'Danyal Mehrbanilayuegh-Cover Letter.docx'),
(500, '', NULL, 'Danyal Mehrbanilayuegh-Cover Letter.docx'),
(501, '', NULL, 'Danyal Mehrbanilayuegh-Cover Letter.docx'),
(502, '', NULL, 'Danyal Mehrbanilayuegh-Cover Letter.docx'),
(503, '', NULL, 'Danyal Mehrbanilayuegh-Cover Letter.docx'),
(504, '', NULL, 'Danyal Mehrbanilayuegh-Cover Letter.docx'),
(505, '', NULL, 'Danyal Mehrbanilayuegh-Cover Letter.docx'),
(506, '', NULL, 'Danyal Mehrbanilayuegh-Cover Letter.docx'),
(507, '', NULL, 'Danyal Mehrbanilayuegh-Cover Letter.docx'),
(508, '', NULL, 'Danyal Mehrbanilayuegh-Cover Letter.docx'),
(509, '', NULL, 'Danyal Mehrbanilayuegh-Cover Letter.docx'),
(510, '', NULL, 'Danyal Mehrbanilayuegh-Cover Letter.docx'),
(511, '', NULL, 'Danyal Mehrbanilayuegh-Cover Letter.docx'),
(512, '', NULL, 'Danyal Mehrbanilayuegh-Cover Letter.docx'),
(513, '', NULL, 'Danyal Mehrbanilayuegh-Cover Letter.docx'),
(514, '', NULL, 'Danyal Mehrbanilayuegh-Cover Letter.docx'),
(515, '', NULL, 'Danyal Mehrbanilayuegh-Cover Letter.docx'),
(516, '', NULL, 'Danyal Mehrbanilayuegh-Cover Letter.docx'),
(517, '', NULL, 'Danyal Mehrbanilayuegh-Cover Letter.docx'),
(518, '', NULL, 'Danyal Mehrbanilayuegh-Cover Letter.docx'),
(519, '', NULL, 'Danyal Mehrbanilayuegh-Cover Letter.docx'),
(520, '', NULL, 'Danyal Mehrbanilayuegh-Cover Letter.docx'),
(521, '', NULL, 'Danyal Mehrbanilayuegh-Cover Letter.docx'),
(522, '', NULL, 'Danyal Mehrbanilayuegh-Cover Letter.docx'),
(523, '', NULL, 'Danyal Mehrbanilayuegh-Cover Letter.docx'),
(524, '', NULL, 'Danyal Mehrbanilayuegh-Cover Letter.docx'),
(525, '', NULL, 'Danyal Mehrbanilayuegh-Cover Letter.docx'),
(526, '', NULL, 'Danyal Mehrbanilayuegh-Cover Letter.docx'),
(527, '', NULL, 'Danyal Mehrbanilayuegh-Cover Letter.docx'),
(528, '', NULL, 'Danyal Mehrbanilayuegh-Cover Letter.docx'),
(529, '', NULL, 'Danyal Mehrbanilayuegh-Cover Letter.docx'),
(530, '', NULL, 'Danyal Mehrbanilayuegh-Cover Letter.docx'),
(531, '', NULL, 'Danyal Mehrbanilayuegh-Cover Letter.docx'),
(532, '', NULL, 'Danyal Mehrbanilayuegh-Cover Letter.docx'),
(533, '', NULL, 'Danyal Mehrbanilayuegh-Cover Letter.docx'),
(534, '', NULL, 'Danyal Mehrbanilayuegh-Cover Letter.docx'),
(535, '', NULL, 'Danyal Mehrbanilayuegh-Cover Letter.docx'),
(536, '', NULL, 'Danyal Mehrbanilayuegh-Cover Letter.docx'),
(537, '', NULL, 'Danyal Mehrbanilayuegh-Cover Letter.docx'),
(538, '', NULL, 'Danyal Mehrbanilayuegh-Cover Letter.docx'),
(539, '', NULL, 'Danyal Mehrbanilayuegh-Cover Letter.docx'),
(540, '', NULL, 'Danyal Mehrbanilayuegh-Cover Letter.docx'),
(541, '', NULL, 'Danyal Mehrbanilayuegh-Cover Letter.docx'),
(542, '', NULL, 'Danyal Mehrbanilayuegh-Cover Letter.docx'),
(543, '', NULL, 'Danyal Mehrbanilayuegh-Cover Letter.docx'),
(544, '', NULL, 'Danyal Mehrbanilayuegh-Cover Letter.docx'),
(545, '', NULL, 'Danyal Mehrbanilayuegh-Cover Letter.docx'),
(546, '', NULL, 'Danyal Mehrbanilayuegh-Cover Letter.docx'),
(547, '', NULL, 'Danyal Mehrbanilayuegh-Cover Letter.docx'),
(548, '', NULL, 'Danyal Mehrbanilayuegh-Cover Letter.docx'),
(549, '', NULL, 'Danyal Mehrbanilayuegh-Cover Letter.docx'),
(550, '', NULL, 'Danyal Mehrbanilayuegh-Cover Letter.docx'),
(551, '', NULL, 'Danyal Mehrbanilayuegh-Cover Letter.docx'),
(552, '', NULL, 'Danyal Mehrbanilayuegh-Cover Letter.docx'),
(553, '', NULL, 'Danyal Mehrbanilayuegh-Cover Letter.docx'),
(554, '', NULL, 'Danyal Mehrbanilayuegh-Cover Letter.docx'),
(555, '', NULL, 'Danyal Mehrbanilayuegh-Cover Letter.docx'),
(556, '', NULL, 'Danyal Mehrbanilayuegh-Cover Letter.docx'),
(557, '', NULL, 'Danyal Mehrbanilayuegh-Cover Letter.docx'),
(558, '', NULL, 'Danyal Mehrbanilayuegh-Cover Letter.docx'),
(559, '', NULL, 'Danyal Mehrbanilayuegh-Cover Letter.docx'),
(560, '', NULL, 'Danyal Mehrbanilayuegh-Cover Letter.docx'),
(561, '', NULL, 'Danyal Mehrbanilayuegh-Cover Letter.docx'),
(562, '', NULL, 'Danyal Mehrbanilayuegh-Cover Letter.docx'),
(563, '', NULL, 'Danyal Mehrbanilayuegh-Cover Letter.docx'),
(564, '', NULL, 'Danyal Mehrbanilayuegh-Cover Letter.docx'),
(565, '', NULL, 'Danyal Mehrbanilayuegh-Cover Letter.docx'),
(566, '', NULL, 'Danyal Mehrbanilayuegh-Cover Letter.docx'),
(567, '', NULL, 'Danyal Mehrbanilayuegh-Cover Letter.docx'),
(568, '', NULL, 'Danyal Mehrbanilayuegh-Cover Letter.docx'),
(569, '', NULL, 'Danyal Mehrbanilayuegh-Cover Letter.docx'),
(570, '', NULL, 'Danyal Mehrbanilayuegh-Cover Letter.docx'),
(571, '', NULL, 'Danyal Mehrbanilayuegh-Cover Letter.docx'),
(572, '', NULL, 'Danyal Mehrbanilayuegh-Cover Letter.docx'),
(573, '', NULL, 'Danyal Mehrbanilayuegh-Cover Letter.docx'),
(574, '', NULL, 'Danyal Mehrbanilayuegh-Cover Letter.docx'),
(575, '', NULL, 'Danyal Mehrbanilayuegh-Cover Letter.docx'),
(576, '', NULL, 'Danyal Mehrbanilayuegh-Cover Letter.docx'),
(577, '', NULL, 'Danyal Mehrbanilayuegh-Cover Letter.docx'),
(578, '', NULL, 'Danyal Mehrbanilayuegh-Cover Letter.docx'),
(579, '', NULL, 'Danyal Mehrbanilayuegh-Cover Letter.docx'),
(580, '', NULL, 'Danyal Mehrbanilayuegh-Cover Letter.docx'),
(581, '', NULL, 'Danyal Mehrbanilayuegh-Cover Letter.docx'),
(582, '', NULL, 'Danyal Mehrbanilayuegh-Cover Letter.docx'),
(583, '', NULL, 'Danyal Mehrbanilayuegh-Cover Letter.docx'),
(584, '', NULL, 'Danyal Mehrbanilayuegh-Cover Letter.docx'),
(585, '', NULL, 'Danyal Mehrbanilayuegh-Cover Letter.docx'),
(586, '', NULL, 'Danyal Mehrbanilayuegh-Cover Letter.docx'),
(587, '', NULL, 'Danyal Mehrbanilayuegh-Cover Letter.docx'),
(588, '', NULL, 'Danyal Mehrbanilayuegh-Cover Letter.docx'),
(589, '', NULL, 'Danyal Mehrbanilayuegh-Cover Letter.docx'),
(590, '', NULL, 'Danyal Mehrbanilayuegh-Cover Letter.docx'),
(591, '', NULL, 'Danyal Mehrbanilayuegh-Cover Letter.docx'),
(592, '', NULL, 'Danyal Mehrbanilayuegh-Cover Letter.docx'),
(593, '', NULL, 'Danyal Mehrbanilayuegh-Cover Letter.docx'),
(594, '', NULL, 'Danyal Mehrbanilayuegh-Cover Letter.docx'),
(595, '', NULL, 'Danyal Mehrbanilayuegh-Cover Letter.docx'),
(596, '', NULL, 'Danyal Mehrbanilayuegh-Cover Letter.docx'),
(597, '', NULL, 'Danyal Mehrbanilayuegh-Cover Letter.docx'),
(598, '', NULL, 'Danyal Mehrbanilayuegh-Cover Letter.docx'),
(599, '', NULL, 'Danyal Mehrbanilayuegh-Cover Letter.docx'),
(600, '', NULL, 'Danyal Mehrbanilayuegh-Cover Letter.docx'),
(601, '', NULL, 'Danyal Mehrbanilayuegh-Cover Letter.docx'),
(602, '', NULL, 'Danyal Mehrbanilayuegh-Cover Letter.docx'),
(603, '', NULL, 'Danyal Mehrbanilayuegh-Cover Letter.docx'),
(604, '', NULL, 'Danyal Mehrbanilayuegh-Cover Letter.docx'),
(605, '', NULL, 'Danyal Mehrbanilayuegh-Cover Letter.docx'),
(606, '', NULL, 'Danyal Mehrbanilayuegh-Cover Letter.docx'),
(607, '', NULL, 'Danyal Mehrbanilayuegh-Cover Letter.docx'),
(608, '', NULL, 'Danyal Mehrbanilayuegh-Cover Letter.docx'),
(609, '', NULL, 'Danyal Mehrbanilayuegh-Cover Letter.docx'),
(610, '', NULL, 'Danyal Mehrbanilayuegh-Cover Letter.docx'),
(611, '', NULL, 'Danyal Mehrbanilayuegh-Cover Letter.docx'),
(612, '', NULL, 'Danyal Mehrbanilayuegh-Cover Letter.docx'),
(613, '', NULL, 'Danyal Mehrbanilayuegh-Cover Letter.docx'),
(614, '', NULL, 'Danyal Mehrbanilayuegh-Cover Letter.docx'),
(615, '', NULL, 'Danyal Mehrbanilayuegh-Cover Letter.docx'),
(616, '', NULL, 'Danyal Mehrbanilayuegh-Cover Letter.docx'),
(617, '', NULL, 'Danyal Mehrbanilayuegh-Cover Letter.docx'),
(618, '', NULL, 'Danyal Mehrbanilayuegh-Cover Letter.docx'),
(619, '', NULL, 'Danyal Mehrbanilayuegh-Cover Letter.docx'),
(620, '', NULL, 'Danyal Mehrbanilayuegh-Cover Letter.docx'),
(621, '', NULL, 'Danyal Mehrbanilayuegh-Cover Letter.docx'),
(622, '', NULL, 'Danyal Mehrbanilayuegh-Cover Letter.docx'),
(623, '', NULL, 'Danyal Mehrbanilayuegh-Cover Letter.docx'),
(624, '', NULL, 'Danyal Mehrbanilayuegh-Cover Letter.docx'),
(625, '', NULL, 'Danyal Mehrbanilayuegh-Cover Letter.docx'),
(626, '', NULL, 'Danyal Mehrbanilayuegh-Cover Letter.docx'),
(627, '', NULL, 'Danyal Mehrbanilayuegh-Cover Letter.docx'),
(628, '', NULL, 'Danyal Mehrbanilayuegh-Cover Letter.docx'),
(629, '', NULL, 'Danyal Mehrbanilayuegh-Cover Letter.docx'),
(630, '', NULL, 'Danyal Mehrbanilayuegh-Cover Letter.docx'),
(631, '', NULL, 'Danyal Mehrbanilayuegh-Cover Letter.docx'),
(632, '', NULL, 'Danyal Mehrbanilayuegh-Cover Letter.docx'),
(633, '', NULL, 'Danyal Mehrbanilayuegh-Cover Letter.docx'),
(634, '', NULL, 'Danyal Mehrbanilayuegh-Cover Letter.docx'),
(635, '', NULL, 'Danyal Mehrbanilayuegh-Cover Letter.docx'),
(636, '', NULL, 'Danyal Mehrbanilayuegh-Cover Letter.docx'),
(637, '', NULL, 'Danyal Mehrbanilayuegh-Cover Letter.docx'),
(638, '', NULL, 'Danyal Mehrbanilayuegh-Cover Letter.docx'),
(639, '', NULL, 'Danyal Mehrbanilayuegh-Cover Letter.docx'),
(640, '', NULL, 'Danyal Mehrbanilayuegh-Cover Letter.docx'),
(641, '', NULL, 'Danyal Mehrbanilayuegh-Cover Letter.docx'),
(642, '', NULL, 'Danyal Mehrbanilayuegh-Cover Letter.docx'),
(643, '', NULL, 'Danyal Mehrbanilayuegh-Cover Letter.docx'),
(644, '', NULL, 'Danyal Mehrbanilayuegh-Cover Letter.docx'),
(645, '', NULL, 'Danyal Mehrbanilayuegh-Cover Letter.docx'),
(646, '', NULL, 'Danyal Mehrbanilayuegh-Cover Letter.docx'),
(647, '', NULL, 'Danyal Mehrbanilayuegh-Cover Letter.docx'),
(648, '', NULL, 'Danyal Mehrbanilayuegh-Cover Letter.docx'),
(649, '', NULL, 'Danyal Mehrbanilayuegh-Cover Letter.docx'),
(650, '', NULL, 'Danyal Mehrbanilayuegh-Cover Letter.docx'),
(651, '', NULL, 'Danyal Mehrbanilayuegh-Cover Letter.docx'),
(652, '', NULL, 'Danyal Mehrbanilayuegh-Cover Letter.docx'),
(653, '', NULL, 'Danyal Mehrbanilayuegh-Cover Letter.docx'),
(654, '', NULL, 'Danyal Mehrbanilayuegh-Cover Letter.docx'),
(655, '', NULL, 'Danyal Mehrbanilayuegh-Cover Letter.docx'),
(656, '', NULL, 'Danyal Mehrbanilayuegh-Cover Letter.docx'),
(657, '', NULL, 'Danyal Mehrbanilayuegh-Cover Letter.docx'),
(658, '', NULL, 'Danyal Mehrbanilayuegh-Cover Letter.docx'),
(659, '', NULL, 'Danyal Mehrbanilayuegh-Cover Letter.docx'),
(660, '', NULL, 'Danyal Mehrbanilayuegh-Cover Letter.docx'),
(661, '', NULL, 'Danyal Mehrbanilayuegh-Cover Letter.docx'),
(662, '', NULL, 'Danyal Mehrbanilayuegh-Cover Letter.docx'),
(663, '', NULL, 'Danyal Mehrbanilayuegh-Cover Letter.docx'),
(664, '', NULL, 'Danyal Mehrbanilayuegh-Cover Letter.docx'),
(665, '', NULL, 'Danyal Mehrbanilayuegh-Cover Letter.docx'),
(666, '', NULL, 'Danyal Mehrbanilayuegh-Cover Letter.docx'),
(667, '', NULL, 'Danyal Mehrbanilayuegh-Cover Letter.docx'),
(668, '', NULL, 'Danyal Mehrbanilayuegh-Cover Letter.docx'),
(669, '', NULL, 'Danyal Mehrbanilayuegh-Cover Letter.docx'),
(670, '', NULL, 'Danyal Mehrbanilayuegh-Cover Letter.docx'),
(671, '', NULL, 'Danyal Mehrbanilayuegh-Cover Letter.docx'),
(672, '', NULL, 'Danyal Mehrbanilayuegh-Cover Letter.docx'),
(673, '', NULL, 'Danyal Mehrbanilayuegh-Cover Letter.docx'),
(674, '', NULL, 'Danyal Mehrbanilayuegh-Cover Letter.docx'),
(675, '', NULL, 'Danyal Mehrbanilayuegh-Cover Letter.docx'),
(676, '', NULL, 'Danyal Mehrbanilayuegh-Cover Letter.docx'),
(677, '', NULL, 'Danyal Mehrbanilayuegh-Cover Letter.docx'),
(678, '', NULL, 'Danyal Mehrbanilayuegh-Cover Letter.docx'),
(679, '', NULL, 'Danyal Mehrbanilayuegh-Cover Letter.docx'),
(680, '', NULL, 'Danyal Mehrbanilayuegh-Cover Letter.docx'),
(681, '', NULL, 'Danyal Mehrbanilayuegh-Cover Letter.docx'),
(682, '', NULL, 'Danyal Mehrbanilayuegh-Cover Letter.docx'),
(683, '', NULL, 'Danyal Mehrbanilayuegh-Cover Letter.docx'),
(684, '', NULL, 'Danyal Mehrbanilayuegh-Cover Letter.docx'),
(685, '', NULL, 'Danyal Mehrbanilayuegh-Cover Letter.docx'),
(686, '', NULL, 'Danyal Mehrbanilayuegh-Cover Letter.docx'),
(687, '', NULL, 'Danyal Mehrbanilayuegh-Cover Letter.docx'),
(688, '', NULL, 'Danyal Mehrbanilayuegh-Cover Letter.docx'),
(689, '', NULL, 'Danyal Mehrbanilayuegh-Cover Letter.docx'),
(690, '', NULL, 'Danyal Mehrbanilayuegh-Cover Letter.docx'),
(691, '', NULL, 'Danyal Mehrbanilayuegh-Cover Letter.docx'),
(692, '', NULL, 'Danyal Mehrbanilayuegh-Cover Letter.docx'),
(693, '', NULL, 'Danyal Mehrbanilayuegh-Cover Letter.docx'),
(694, '', NULL, 'Danyal Mehrbanilayuegh-Cover Letter.docx'),
(695, '', NULL, 'Danyal Mehrbanilayuegh-Cover Letter.docx'),
(696, '', NULL, 'Danyal Mehrbanilayuegh-Cover Letter.docx'),
(697, '', NULL, 'Danyal Mehrbanilayuegh-Cover Letter.docx'),
(698, '', NULL, 'Danyal Mehrbanilayuegh-Cover Letter.docx'),
(699, '', NULL, 'Danyal Mehrbanilayuegh-Cover Letter.docx'),
(700, '', NULL, 'Danyal Mehrbanilayuegh-Cover Letter.docx'),
(701, '', NULL, 'Danyal Mehrbanilayuegh-Cover Letter.docx'),
(702, '', NULL, 'Danyal Mehrbanilayuegh-Cover Letter.docx'),
(703, '', NULL, 'Danyal Mehrbanilayuegh-Cover Letter.docx'),
(704, '', NULL, 'Danyal Mehrbanilayuegh-Cover Letter.docx'),
(705, '', NULL, 'Danyal Mehrbanilayuegh-Cover Letter.docx'),
(706, '', NULL, 'Danyal Mehrbanilayuegh-Cover Letter.docx'),
(707, '', NULL, 'Danyal Mehrbanilayuegh-Cover Letter.docx'),
(708, '', NULL, 'Danyal Mehrbanilayuegh-Cover Letter.docx'),
(709, '', NULL, 'Danyal Mehrbanilayuegh-Cover Letter.docx'),
(710, '', NULL, 'Danyal Mehrbanilayuegh-Cover Letter.docx'),
(711, '', NULL, 'Danyal Mehrbanilayuegh-Cover Letter.docx'),
(712, '', NULL, 'Danyal Mehrbanilayuegh-Cover Letter.docx'),
(713, '', NULL, 'Danyal Mehrbanilayuegh-Cover Letter.docx'),
(714, '', NULL, 'Danyal Mehrbanilayuegh-Cover Letter.docx'),
(715, '', NULL, 'Danyal Mehrbanilayuegh-Cover Letter.docx'),
(716, '', NULL, 'Danyal Mehrbanilayuegh-Cover Letter.docx'),
(717, '', NULL, 'Danyal Mehrbanilayuegh-Cover Letter.docx'),
(718, '', NULL, 'Danyal Mehrbanilayuegh-Cover Letter.docx'),
(719, '', NULL, 'Danyal Mehrbanilayuegh-Cover Letter.docx'),
(720, '', NULL, 'Danyal Mehrbanilayuegh-Cover Letter.docx'),
(721, '', NULL, 'Danyal Mehrbanilayuegh-Cover Letter.docx'),
(722, '', NULL, 'Danyal Mehrbanilayuegh-Cover Letter.docx'),
(723, '', NULL, 'Danyal Mehrbanilayuegh-Cover Letter.docx'),
(724, '', NULL, 'Danyal Mehrbanilayuegh-Cover Letter.docx'),
(725, '', NULL, 'Danyal Mehrbanilayuegh-Cover Letter.docx'),
(726, '', NULL, 'Danyal Mehrbanilayuegh-Cover Letter.docx'),
(727, '', NULL, 'Danyal Mehrbanilayuegh-Cover Letter.docx'),
(728, '', NULL, 'Danyal Mehrbanilayuegh-Cover Letter.docx'),
(729, '', NULL, 'Danyal Mehrbanilayuegh-Cover Letter.docx'),
(730, '', NULL, 'Danyal Mehrbanilayuegh-Cover Letter.docx'),
(731, '', NULL, 'Danyal Mehrbanilayuegh-Cover Letter.docx'),
(732, '', NULL, 'Danyal Mehrbanilayuegh-Cover Letter.docx'),
(733, '', NULL, 'Danyal Mehrbanilayuegh-Cover Letter.docx'),
(734, '', NULL, 'Danyal Mehrbanilayuegh-Cover Letter.docx'),
(735, '', NULL, 'Danyal Mehrbanilayuegh-Cover Letter.docx'),
(736, '', NULL, 'Danyal Mehrbanilayuegh-Cover Letter.docx'),
(737, '', NULL, 'Danyal Mehrbanilayuegh-Cover Letter.docx'),
(738, '', NULL, 'Danyal Mehrbanilayuegh-Cover Letter.docx'),
(739, '', NULL, 'Danyal Mehrbanilayuegh-Cover Letter.docx'),
(740, '', NULL, 'Danyal Mehrbanilayuegh-Cover Letter.docx'),
(741, '', NULL, 'Danyal Mehrbanilayuegh-Cover Letter.docx');

-- --------------------------------------------------------

--
-- Table structure for table `user`
--

DROP TABLE IF EXISTS `user`;
CREATE TABLE IF NOT EXISTS `user` (
  `user_id` int(255) NOT NULL AUTO_INCREMENT,
  `fname` text NOT NULL,
  `lname` text NOT NULL,
  `password` varchar(255) NOT NULL,
  `email` varchar(255) NOT NULL,
  `user_type` varchar(100) NOT NULL,
  PRIMARY KEY (`user_id`),
  UNIQUE KEY `email` (`email`)
) ENGINE=InnoDB AUTO_INCREMENT=4 DEFAULT CHARSET=latin1;

--
-- Dumping data for table `user`
--

INSERT INTO `user` (`user_id`, `fname`, `lname`, `password`, `email`, `user_type`) VALUES
(1, 'dan', 'dan', '12345678', 'dan@dan', 'employee'),
(2, 's', 's', '12345678', 's@s.s', 'admin'),
(3, 'shesh', 'sonar', 'sheshbhushan', 'shesh@s.s', 'admin');

-- --------------------------------------------------------

--
-- Table structure for table `useranswer`
--

DROP TABLE IF EXISTS `useranswer`;
CREATE TABLE IF NOT EXISTS `useranswer` (
  `ans_id` int(255) NOT NULL AUTO_INCREMENT,
  `userans` varchar(255) NOT NULL,
  `que_id` int(255) DEFAULT NULL,
  `user_id` int(255) DEFAULT NULL,
  `test_id` int(255) DEFAULT NULL,
  PRIMARY KEY (`ans_id`),
  KEY `que_id` (`que_id`),
  KEY `email_FK` (`user_id`) USING BTREE,
  KEY `test_id` (`test_id`)
) ENGINE=InnoDB AUTO_INCREMENT=1280 DEFAULT CHARSET=latin1;

--
-- Dumping data for table `useranswer`
--

INSERT INTO `useranswer` (`ans_id`, `userans`, `que_id`, `user_id`, `test_id`) VALUES
(1227, 'Preprocessed Hypertext Page', 1, 1, 1),
(1228, '1', 2, 1, 1),
(1229, 'headers_list', 3, 1, 1),
(1230, 'JS', 4, 1, 1),
(1231, 'dan', 5, 1, 1),
(1232, 'Hypertext Markup Language', 1, 1, 1),
(1233, 'NULL', 2, 1, 1),
(1234, 'header_sent', 3, 1, 1),
(1235, 'PHP', 4, 1, 1),
(1236, 'dan', 5, 1, 1),
(1237, 'Hypertext Markup Language', 1, 1, 1),
(1238, '1', 2, 1, 1),
(1239, 'headers_list', 3, 1, 1),
(1240, 'HTML', 4, 1, 1),
(1241, 'dan', 5, 1, 1),
(1242, 'Preprocessed Hypertext Page', 1, 1, 1),
(1243, '0', 2, 1, 1),
(1244, 'header_sent', 3, 1, 1),
(1245, 'CSS', 4, 1, 1),
(1246, 'dan', 5, 1, 1),
(1247, 'aqua', 6, 1, 2),
(1248, 'apple', 7, 1, 2),
(1249, 'mountain', 6, 1, 2),
(1250, 'cherry', 7, 1, 2),
(1251, 'mountain', 6, 1, 2),
(1252, 'cherry', 7, 1, 2),
(1253, 'glips', 6, 1, 2),
(1254, 'cherry', 7, 1, 2),
(1255, 'mountain', 6, 1, 2),
(1256, 'cherry', 7, 1, 2),
(1257, 'mountain', 6, 1, 2),
(1258, 'cherry', 7, 1, 2),
(1259, 'mountain', 6, 1, 2),
(1260, 'cherry', 7, 1, 2),
(1261, 'mountain', 6, 1, 2),
(1262, 'orange', 7, 1, 2),
(1263, 'aqua', 6, 1, 2),
(1264, 'cherry', 7, 1, 2),
(1265, 'aqua', 6, 1, 2),
(1266, 'cherry', 7, 1, 2),
(1267, 'aqua', 6, 1, 2),
(1268, 'cherry', 7, 1, 2),
(1269, 'mountain', 6, 1, 2),
(1270, 'apple', 7, 1, 2),
(1271, 'mountain', 6, 1, 2),
(1272, 'cherry', 7, 1, 2),
(1273, 'Preprocessed Hypertext Page', 1, 1, 1),
(1274, 'NULL', 2, 1, 1),
(1275, 'header_send', 3, 1, 1),
(1276, 'CSS', 4, 1, 1),
(1277, 'amir', 5, 1, 1),
(1278, 'glips', 6, 1, 2),
(1279, 'orange', 7, 1, 2);

--
-- Constraints for dumped tables
--

--
-- Constraints for table `attempt`
--
ALTER TABLE `attempt`
  ADD CONSTRAINT `attempt_ibfk_1` FOREIGN KEY (`test_id`) REFERENCES `test` (`test_id`),
  ADD CONSTRAINT `attempt_ibfk_2` FOREIGN KEY (`user_id`) REFERENCES `user` (`user_id`);

--
-- Constraints for table `question`
--
ALTER TABLE `question`
  ADD CONSTRAINT `question_ibfk_2` FOREIGN KEY (`test_id`) REFERENCES `test` (`test_id`);

--
-- Constraints for table `test`
--
ALTER TABLE `test`
  ADD CONSTRAINT `test_ibfk_1` FOREIGN KEY (`course_id`) REFERENCES `courses` (`course_id`);

--
-- Constraints for table `useranswer`
--
ALTER TABLE `useranswer`
  ADD CONSTRAINT `useranswer_ibfk_1` FOREIGN KEY (`que_id`) REFERENCES `question` (`que_id`),
  ADD CONSTRAINT `useranswer_ibfk_3` FOREIGN KEY (`test_id`) REFERENCES `test` (`test_id`),
  ADD CONSTRAINT `useranswer_ibfk_4` FOREIGN KEY (`user_id`) REFERENCES `user` (`user_id`);
COMMIT;

/*!40101 SET CHARACTER_SET_CLIENT=@OLD_CHARACTER_SET_CLIENT */;
/*!40101 SET CHARACTER_SET_RESULTS=@OLD_CHARACTER_SET_RESULTS */;
/*!40101 SET COLLATION_CONNECTION=@OLD_COLLATION_CONNECTION */;
